age,income,city,label
42,119346,LA,1
20,53936,Chicago,0
49,73075,LA,1
48,66930,Chicago,0
31,86150,NYC,1
36,38316,NYC,0
57,124779,LA,1
52,148815,Chicago,1
69,98892,NYC,1
37,32945,Chicago,0
22,137812,Chicago,1
39,81884,Chicago,1
24,66372,LA,0
38,100070,Chicago,1
31,146695,Chicago,1
48,78024,Chicago,1
34,28163,Chicago,0
18,32225,Chicago,0
43,113094,Chicago,1
58,20149,Chicago,0
49,128535,LA,1
33,115719,LA,1
63,134094,NYC,1
30,140195,Chicago,1
32,51275,NYC,0
69,91170,LA,1
23,30544,LA,0
50,142268,LA,1
24,59511,Chicago,0
36,112610,NYC,1
53,63614,Chicago,0
31,146332,Chicago,1
53,97020,LA,1
46,32010,Chicago,0
69,70449,LA,1
54,51733,LA,0
29,44823,NYC,0
20,100317,Chicago,1
34,82459,NYC,1
23,108961,NYC,1
27,141029,NYC,1
23,137725,Chicago,1
52,109587,LA,1
63,88756,LA,1
51,126381,NYC,1
31,137314,Chicago,1
55,128168,LA,1
55,56072,LA,0
49,106539,Chicago,1
62,140185,LA,1
23,62509,Chicago,0
25,83759,Chicago,1
58,63944,NYC,0
33,22124,Chicago,0
35,35353,Chicago,0
32,68766,NYC,0
39,75853,NYC,1
24,122644,NYC,1
62,48675,NYC,0
70,95217,Chicago,1
52,98927,Chicago,1
22,23499,NYC,0
58,44709,Chicago,0
54,35688,LA,0
23,68514,NYC,0
20,99364,NYC,1
30,145964,NYC,1
63,36239,LA,0
31,115309,NYC,1
61,22986,Chicago,0
45,101343,NYC,1
34,29175,NYC,0
22,104793,LA,1
40,77156,NYC,1
21,86012,LA,1
20,98182,NYC,1
62,149529,LA,1
30,54096,LA,0
64,81632,Chicago,1
28,111448,Chicago,1
31,146687,NYC,1
68,108631,NYC,1
28,64867,Chicago,0
34,35363,Chicago,0
46,107242,NYC,1
18,81816,Chicago,1
44,137977,Chicago,1
50,140260,LA,1
59,66812,LA,0
60,52890,NYC,0
53,110547,NYC,1
47,117199,NYC,1
39,116864,NYC,1
52,56815,NYC,0
33,119898,LA,1
40,99971,LA,1
61,67081,Chicago,0
58,131905,Chicago,1
26,113797,LA,1
42,118105,LA,1
59,30580,NYC,0
56,45206,Chicago,0
39,40981,NYC,0
32,103545,LA,1
42,113106,Chicago,1
54,134627,LA,1
20,72725,Chicago,1
54,74817,Chicago,1
63,26131,NYC,0
46,28373,LA,0
62,40668,LA,0
51,135991,LA,1
53,99164,NYC,1
20,84825,LA,1
37,129803,LA,1
21,126043,LA,1
30,91901,Chicago,1
23,129766,Chicago,1
26,149344,NYC,1
43,144459,Chicago,1
44,61441,NYC,0
31,21873,Chicago,0
66,20309,Chicago,0
51,100224,NYC,1
30,35584,Chicago,0
59,46019,LA,0
35,110248,NYC,1
24,82338,LA,1
58,30662,NYC,0
35,139784,LA,1
69,123853,NYC,1
34,37487,Chicago,0
51,127121,Chicago,1
59,65488,NYC,0
27,56491,NYC,0
20,25329,NYC,0
61,54035,Chicago,0
38,144059,LA,1
54,139256,NYC,1
65,145986,Chicago,1
56,105899,LA,1
63,104429,LA,1
58,77074,LA,1
52,43368,NYC,0
42,96955,LA,1
18,38147,NYC,0
35,63700,LA,0
68,68129,Chicago,0
23,64335,Chicago,0
20,25400,LA,0
28,39584,Chicago,0
36,67304,LA,0
53,36992,LA,0
25,82660,Chicago,1
33,142389,NYC,1
37,43538,Chicago,0
64,29288,LA,0
43,129518,LA,1
37,74358,NYC,1
24,93509,LA,1
48,64181,LA,0
25,82794,NYC,1
62,85239,LA,1
20,59571,LA,0
65,110060,NYC,1
28,102148,Chicago,1
42,125659,Chicago,1
23,28629,NYC,0
30,118286,NYC,1
21,70438,NYC,1
24,71617,Chicago,1
51,57987,LA,0
49,123322,Chicago,1
63,109037,NYC,1
45,30965,LA,0
32,149559,LA,1
55,121856,NYC,1
45,45158,LA,0
25,28369,Chicago,0
19,138359,Chicago,1
46,118623,Chicago,1
30,35585,LA,0
43,53617,NYC,0
59,25518,NYC,0
57,39182,NYC,0
30,80084,LA,1
41,91616,NYC,1
24,149589,Chicago,1
49,39451,Chicago,0
43,103671,Chicago,1
45,135036,Chicago,1
49,109039,LA,1
49,85358,Chicago,1
60,134648,NYC,1
52,99923,NYC,1
18,64593,Chicago,0
65,137834,LA,1
70,62182,NYC,0
51,39446,LA,0
56,122782,NYC,1
42,96408,LA,1
63,112585,LA,1
22,124850,NYC,1
51,133887,NYC,1
22,49503,NYC,0
20,59380,NYC,0
66,130618,LA,1
39,132971,NYC,1
69,39506,Chicago,0
47,146956,LA,1
50,70099,Chicago,1
50,24406,Chicago,0
23,108941,Chicago,1
66,98661,NYC,1
65,75884,NYC,1
36,90178,Chicago,1
44,128225,LA,1
68,147432,LA,1
56,96859,NYC,1
69,22684,Chicago,0
18,117090,NYC,1
37,86434,Chicago,1
34,63605,NYC,0
49,132706,LA,1
70,59689,LA,0
42,126173,LA,1
21,41468,Chicago,0
26,51319,LA,0
64,128781,LA,1
21,143451,NYC,1
48,74770,NYC,1
49,136649,Chicago,1
63,30698,Chicago,0
62,39840,LA,0
44,24611,Chicago,0
47,70683,LA,1
21,33301,LA,0
67,39840,NYC,0
20,98420,Chicago,1
26,102570,LA,1
24,111760,Chicago,1
59,65438,NYC,0
42,122684,LA,1
25,135510,NYC,1
57,111857,LA,1
57,102878,LA,1
59,36295,Chicago,0
63,101531,LA,1
68,131297,NYC,1
42,124771,LA,1
65,134364,Chicago,1
69,35932,Chicago,0
68,44789,NYC,0
68,71383,LA,1
41,119171,NYC,1
47,66734,Chicago,0
22,145370,NYC,1
20,83722,LA,1
19,143834,Chicago,1
60,94613,Chicago,1
31,50101,NYC,0
67,127399,Chicago,1
67,85852,Chicago,1
51,75064,Chicago,1
37,143926,NYC,1
27,75832,Chicago,1
45,140963,NYC,1
24,74478,NYC,1
24,74416,NYC,1
64,145115,NYC,1
68,78552,LA,1
61,74659,NYC,1
49,140492,LA,1
64,53106,NYC,0
40,29218,NYC,0
40,110672,NYC,1
40,65597,NYC,0
18,128825,NYC,1
70,67946,NYC,0
56,137104,NYC,1
31,20423,NYC,0
60,108310,Chicago,1
25,118038,NYC,1
36,68382,Chicago,0
19,142262,Chicago,1
32,132613,NYC,1
29,79512,NYC,1
48,65147,Chicago,0
34,37060,NYC,0
31,67479,LA,0
48,145948,LA,1
36,142831,Chicago,1
58,62858,NYC,0
55,30591,NYC,0
52,96133,LA,1
28,69360,NYC,0
26,125433,NYC,1
38,86628,NYC,1
33,118940,NYC,1
36,68819,LA,0
60,26062,NYC,0
56,22693,LA,0
22,112034,NYC,1
26,75080,LA,1
53,74624,Chicago,1
27,97473,LA,1
37,103488,LA,1
23,52513,LA,0
58,68399,Chicago,0
51,27583,LA,0
44,21104,LA,0
64,138130,LA,1
46,46737,LA,0
36,144825,LA,1
23,144553,NYC,1
68,34236,LA,0
25,93161,Chicago,1
62,40169,Chicago,0
46,141669,LA,1
29,120616,LA,1
45,42903,NYC,0
47,64615,Chicago,0
27,66578,LA,0
58,103532,NYC,1
48,118963,NYC,1
36,20241,Chicago,0
46,101098,LA,1
18,48669,LA,0
25,120746,Chicago,1
37,91461,Chicago,1
27,75601,Chicago,1
66,81791,NYC,1
61,85231,NYC,1
52,119876,LA,1
35,102846,NYC,1
25,55399,Chicago,0
20,20033,LA,0
43,88957,Chicago,1
63,71935,LA,1
24,117851,LA,1
40,57145,Chicago,0
30,98041,NYC,1
20,29234,LA,0
37,89945,LA,1
25,89492,NYC,1
66,41437,NYC,0
44,132845,LA,1
36,88135,NYC,1
54,88558,Chicago,1
31,89648,NYC,1
44,145259,Chicago,1
52,72876,Chicago,1
67,138495,LA,1
36,77981,LA,1
54,102419,NYC,1
28,36160,Chicago,0
25,69994,LA,0
55,81334,NYC,1
53,107589,LA,1
40,102852,LA,1
65,74408,NYC,1
48,84075,Chicago,1
50,61712,LA,0
59,145622,NYC,1
46,59345,NYC,0
65,84949,NYC,1
57,48274,NYC,0
40,81804,LA,1
18,130916,Chicago,1
22,110032,NYC,1
61,144427,Chicago,1
60,71788,NYC,1
41,25397,NYC,0
57,20490,LA,0
58,111709,LA,1
64,138059,NYC,1
27,118515,Chicago,1
36,45061,NYC,0
45,80410,Chicago,1
39,70348,NYC,1
39,75274,Chicago,1
61,77051,NYC,1
46,142320,Chicago,1
27,88702,LA,1
26,47376,NYC,0
46,65766,LA,0
45,125754,LA,1
42,115654,NYC,1
68,45715,LA,0
31,96877,Chicago,1
21,138727,LA,1
20,50674,Chicago,0
23,134164,NYC,1
41,27469,Chicago,0
58,108800,NYC,1
32,100056,LA,1
57,31354,Chicago,0
50,118499,LA,1
67,135010,LA,1
44,80069,NYC,1